netID,score
holist,0.5646000000000003
random,0.5719999999999996
synergist,0.5588000000000003
usnews,0.5790000000000004
holist,0.5751999999999995
random,0.5609999999999998
synergist,0.5617999999999996
usnews,0.5522000000000006
hl3547,0.5764
hl3547,0.5368000000000005
