netID,score
holist,0.6512307692307701
random,0.42615384615384655
synergist,0.4498461538461537
usnews,0.6487692307692305
holist,0.657846153846155
random,0.4696923076923075
synergist,0.4386153846153844
usnews,0.6592307692307694
hl3547,0.5496923076923075
holist,0.6304615384615392
random,0.40892307692307683
synergist,0.4420000000000003
usnews,0.6803076923076922
