netID,score
holist,0.6661538461538461
random,0.4155384615384618
synergist,0.4553846153846156
usnews,0.6670769230769241
holist,0.6563076923076931
random,0.41400000000000037
synergist,0.4467692307692303
usnews,0.6649230769230775
hl3547,0.5418461538461541
holist,0.6515384615384612
random,0.4127692307692306
synergist,0.44307692307692303
usnews,0.657846153846154
